{"cameraMode":{"drawMode":0,"name":"Shaded","section":"Shading Mode"},"sceneLighting":false,"audioPlay":false,"sceneViewState":{"m_AlwaysRefresh":false,"showFog":true,"showSkybox":false,"showFlares":true,"showImageEffects":true,"showParticleSystems":true,"showVisualEffectGraphs":true,"m_FxEnabled":true},"in2DMode":false,"pivot":{"x":-2.1357688903808595,"y":-0.14234861731529237,"z":-1.18741774559021},"rotation":{"x":-0.005711830221116543,"y":0.8836134076118469,"z":-0.01090230606496334,"w":-0.46804800629615786},"size":2.9913382530212404,"orthographic":false}