{"cameraMode":{"drawMode":0,"name":"Shaded","section":"Shading Mode"},"sceneLighting":true,"audioPlay":false,"sceneViewState":{"m_AlwaysRefresh":false,"showFog":true,"showSkybox":false,"showFlares":true,"showImageEffects":true,"showParticleSystems":true,"showVisualEffectGraphs":true,"m_FxEnabled":true},"in2DMode":false,"pivot":{"x":-0.1650804728269577,"y":-0.6956774592399597,"z":-0.7027459740638733},"rotation":{"x":-0.02298820950090885,"y":0.9502344727516174,"z":-0.30209577083587649,"w":-0.07249060273170471},"size":2.0271873474121095,"orthographic":false}