{"cameraMode":{"drawMode":0,"name":"Shaded","section":"Shading Mode"},"sceneLighting":false,"audioPlay":false,"sceneViewState":{"m_AlwaysRefresh":false,"showFog":true,"showSkybox":false,"showFlares":true,"showImageEffects":true,"showParticleSystems":true,"showVisualEffectGraphs":true,"m_FxEnabled":true},"in2DMode":false,"pivot":{"x":18.227022171020509,"y":2.4621853828430177,"z":-23.148571014404298},"rotation":{"x":0.1796138435602188,"y":0.4431489109992981,"z":-0.09114402532577515,"w":0.8734970688819885},"size":0.7572367787361145,"orthographic":false}