{"cameraMode":{"drawMode":0,"name":"Shaded","section":"Shading Mode"},"sceneLighting":true,"audioPlay":false,"sceneViewState":{"m_AlwaysRefresh":false,"showFog":true,"showSkybox":true,"showFlares":true,"showImageEffects":true,"showParticleSystems":true,"showVisualEffectGraphs":true,"m_FxEnabled":true},"in2DMode":false,"pivot":{"x":18.427837371826173,"y":16.267810821533204,"z":13.398262977600098},"rotation":{"x":-0.003967196214944124,"y":-0.9556112289428711,"z":0.2943572998046875,"w":-0.012674267403781414},"size":0.6987032890319824,"orthographic":false}