{"cameraMode":{"drawMode":0,"name":"Shaded","section":"Shading Mode"},"sceneLighting":true,"audioPlay":false,"sceneViewState":{"m_AlwaysRefresh":false,"showFog":true,"showSkybox":false,"showFlares":true,"showImageEffects":true,"showParticleSystems":true,"showVisualEffectGraphs":true,"m_FxEnabled":true},"in2DMode":false,"pivot":{"x":-0.28093859553337099,"y":-1.1752763986587525,"z":-1.4591896533966065},"rotation":{"x":-0.020231062546372415,"y":0.9529916644096375,"z":-0.29512062668800356,"w":-0.0655154287815094},"size":2.1520731449127199,"orthographic":false}