{"cameraMode":{"drawMode":0,"name":"Shaded","section":"Shading Mode"},"sceneLighting":false,"audioPlay":false,"sceneViewState":{"m_AlwaysRefresh":false,"showFog":true,"showSkybox":false,"showFlares":true,"showImageEffects":true,"showParticleSystems":true,"showVisualEffectGraphs":true,"m_FxEnabled":true},"in2DMode":false,"pivot":{"x":-0.02005136013031006,"y":0.0762636661529541,"z":-0.00805044174194336},"rotation":{"x":0.032681602984666827,"y":0.47793048620224,"z":0.017733698710799218,"w":-0.8776050209999085},"size":2.3746755123138429,"orthographic":false}