{"cameraMode":{"drawMode":0,"name":"Shaded","section":"Shading Mode"},"sceneLighting":false,"audioPlay":false,"sceneViewState":{"m_AlwaysRefresh":false,"showFog":true,"showSkybox":false,"showFlares":true,"showImageEffects":true,"showParticleSystems":true,"showVisualEffectGraphs":true,"m_FxEnabled":true},"in2DMode":false,"pivot":{"x":0.04263126850128174,"y":0.8592128157615662,"z":-0.22178828716278077},"rotation":{"x":-0.23306915163993836,"y":-0.22309093177318574,"z":0.054977647960186008,"w":-0.9449604153633118},"size":0.722789466381073,"orthographic":false}