{"cameraMode":{"drawMode":0,"name":"Shaded","section":"Shading Mode"},"sceneLighting":false,"audioPlay":false,"sceneViewState":{"m_AlwaysRefresh":false,"showFog":true,"showSkybox":false,"showFlares":true,"showImageEffects":true,"showParticleSystems":true,"showVisualEffectGraphs":true,"m_FxEnabled":true},"in2DMode":false,"pivot":{"x":29.030210494995118,"y":191.9282684326172,"z":-333.489990234375},"rotation":{"x":0.11846596747636795,"y":0.03268659487366676,"z":-0.003845709143206477,"w":0.9924079179763794},"size":103.07764434814453,"orthographic":false}