{"cameraMode":{"drawMode":0,"name":"Shaded","section":"Shading Mode"},"sceneLighting":false,"audioPlay":false,"sceneViewState":{"m_AlwaysRefresh":false,"showFog":true,"showSkybox":false,"showFlares":true,"showImageEffects":true,"showParticleSystems":true,"showVisualEffectGraphs":true,"m_FxEnabled":true},"in2DMode":false,"pivot":{"x":6.671413421630859,"y":1.8190110921859742,"z":-5.130884170532227},"rotation":{"x":0.06790883839130402,"y":0.4140547215938568,"z":0.030932364985346795,"w":-0.907182514667511},"size":0.14357854425907136,"orthographic":false}